{"cameraMode":{"drawMode":0,"name":"Shaded","section":"Shading Mode"},"sceneLighting":false,"audioPlay":false,"sceneViewState":{"showFog":true,"showMaterialUpdate":false,"showSkybox":false,"showFlares":true,"showImageEffects":true,"showParticleSystems":true},"in2DMode":false,"pivot":{"x":-0.036094844341278079,"y":-11.28177261352539,"z":1.9454149007797242},"rotation":{"x":-0.6534146666526794,"y":0.11149945110082627,"z":-0.09815143048763275,"w":-0.7422842979431152},"size":16.41227912902832,"orthographic":false}