{"cameraMode":{"drawMode":0,"name":"Shaded","section":"Shading Mode"},"sceneLighting":false,"audioPlay":false,"sceneViewState":{"showFog":true,"showMaterialUpdate":false,"showSkybox":false,"showFlares":true,"showImageEffects":true,"showParticleSystems":true},"in2DMode":false,"pivot":{"x":0.3258082866668701,"y":0.633639931678772,"z":0.13669824600219727},"rotation":{"x":-0.12061037123203278,"y":-0.4437960088253021,"z":0.0604197196662426,"w":-0.8859192132949829},"size":4.800057411193848,"orthographic":false}